date,earnings,expenses,roi,number_of_investments,wallet
2021-01-04,0.0,100,0.0,1,0.0
2021-01-06,102.12911760093277,100,2.129117600932773,1,102.12911760093277
2021-01-06,102.12911760093277,200,2.129117600932773,2,2.129117600932773
2021-01-07,201.04819531183446,200,1.048195311834462,2,101.04819531183446
2021-01-07,201.04819531183446,300,1.048195311834462,3,1.048195311834462
2021-01-26,298.97544312754786,300,-1.0245568724521519,3,98.97544312754785
2021-01-26,298.97544312754786,400,-1.0245568724521519,4,0.0
2021-01-27,395.0671658228497,400,-4.8828070420325815,4,96.09172269530185
2021-01-27,395.0671658228497,500,-4.8828070420325815,5,0.0
2021-01-28,498.5010593380807,500,-1.4284762950257175,5,103.43389351523106
2021-01-28,498.5010593380807,600,-1.4284762950257175,6,3.4338935152310626
2021-02-02,601.0494881537028,600,1.0001522992612877,6,105.98232233085311
2021-02-02,601.0494881537028,700,1.0001522992612877,7,5.982322330853108
2021-02-04,699.2718260841855,700,-0.69394286499994,7,104.20466026133575
2021-02-04,699.2718260841855,800,-0.69394286499994,8,4.204660261335746
2021-02-23,796.5838662532701,800,-3.2555431991502957,8,101.51670043042041
2021-02-23,796.5838662532701,900,-3.2555431991502957,9,1.5167004304204141
2021-02-26,895.4607543193952,900,-4.325858265623083,9,100.39358849654548
2021-02-26,895.4607543193952,1000,-4.325858265623083,10,0.3935884965454761
2021-03-04,993.2468531906812,1000,-6.43568513351876,10,98.17968736783155
2021-03-04,993.2468531906812,1100,-6.43568513351876,11,0.0
2021-03-05,1091.7012434345836,1100,-7.77378167618744,11,98.45439024390245
2021-03-05,1091.7012434345836,1200,-7.77378167618744,12,0.0
2021-03-09,1196.6278777805603,1200,-3.113722009728434,12,104.92663434597671
2021-03-09,1196.6278777805603,1300,-3.113722009728434,13,4.926634345976709
2021-03-10,1295.4227071985747,1300,-4.226542341379826,13,103.72146376399111
2021-03-10,1295.4227071985747,1400,-4.226542341379826,14,3.7214637639911103
2021-03-11,1393.4386973334908,1400,-6.058520775855726,14,101.73745389890713
2021-03-11,1393.4386973334908,1500,-6.058520775855726,15,1.737453898907134
2021-03-15,1495.6790107847585,1500,-3.989878879755622,15,103.9777673501748
2021-03-15,1495.6790107847585,1600,-3.989878879755622,16,3.977767350174801
2021-03-16,1593.9222881878663,1600,-5.611986697615066,16,102.22104475328261
2021-03-16,1593.9222881878663,1700,-5.611986697615066,17,2.2210447532826123
2021-03-18,1692.4079623523292,1700,-7.010272221440545,17,100.7067189177454
2021-03-18,1692.4079623523292,1800,-7.010272221440545,18,0.7067189177454054
2021-03-19,1790.7375041378154,1800,-8.55272595543579,18,99.03626070323172
2021-03-19,1790.7375041378154,1900,-8.55272595543579,19,0.0
2021-03-22,1894.5173058420412,1900,-5.0179104135368675,19,103.77980170422572
2021-03-22,1894.5173058420412,2000,-5.0179104135368675,20,3.7798017042257186
2021-04-01,1996.828738133016,2000,-2.9024248823530883,20,106.09123399520051
2021-04-01,1996.828738133016,2100,-2.9024248823530883,21,6.091233995200511
2021-04-09,2100.9905751534056,2100,0.9066012501260303,21,110.25307101559005
2021-04-09,2100.9905751534056,2200,0.9066012501260303,22,10.253071015590052
2021-04-20,2203.694729576794,2200,3.381516729632523,22,112.95722543897838
2021-04-20,2203.694729576794,2300,3.381516729632523,23,12.957225438978384
2021-04-28,2302.67544279067,2300,2.4486378144283663,23,111.93793865285427
2021-04-28,2302.67544279067,2400,2.4486378144283663,24,11.937938652854271
2021-04-29,2404.899542705728,2400,4.484194386248987,24,114.16203856791219
2021-04-29,2404.899542705728,2500,4.484194386248987,25,14.162038567912191
2021-05-06,2501.8795892470775,2500,1.7202510635012231,25,111.1420851092618
2021-05-06,2501.8795892470775,2600,1.7202510635012231,26,11.1420851092618
2021-05-12,2598.8645443823466,2600,-1.0391997809441307,26,108.12704024453066
2021-05-12,2598.8645443823466,2700,-1.0391997809441307,27,8.127040244530662
2021-05-19,2696.5754539665213,2700,-3.1342374219590567,27,105.83794982870552
2021-05-19,2696.5754539665213,2800,-3.1342374219590567,28,5.8379498287055185
2021-05-26,2792.4035566075363,2800,-6.952471049211169,28,101.66605246972064
2021-05-26,2792.4035566075363,2900,-6.952471049211169,29,1.6660524697206398
2021-06-08,2890.5757213083493,2900,-8.625355495757688,29,99.83821717053362
2021-06-08,2890.5757213083493,3000,-8.625355495757688,30,0.0
2021-06-18,2988.8373311764217,3000,-10.20127247540185,30,98.26160986807255
2021-06-18,2988.8373311764217,3100,-10.20127247540185,31,0.0
2021-06-22,3091.9828482434123,3100,-7.212090031151803,31,103.1455170669908
2021-06-22,3091.9828482434123,3200,-7.212090031151803,32,3.1455170669908057
2021-07-08,3196.4025534885454,3200,-3.236200200593956,32,107.56522231212416
2021-07-08,3196.4025534885454,3300,-3.236200200593956,33,7.565222312124163
2021-07-13,3295.254417213803,3300,-4.269043588480287,33,106.41708603738185
2021-07-13,3295.254417213803,3400,-4.269043588480287,34,6.41708603738185
2021-07-21,3393.344390871522,3400,-5.987270006120724,34,104.50705969510098
2021-07-21,3393.344390871522,3500,-5.987270006120724,35,4.507059695100978
2021-07-22,3492.1712416695586,3500,-7.042614587515601,35,103.33391049313741
2021-07-22,3492.1712416695586,3600,-7.042614587515601,36,3.3339104931374095
2021-07-23,3590.055896994857,3600,-8.945541799580596,36,101.21856581843585
2021-07-23,3590.055896994857,3700,-8.945541799580596,37,1.2185658184358488
2021-08-04,3688.84304118062,3700,-10.036605757537572,37,100.0057100041987
2021-08-04,3688.84304118062,3800,-10.036605757537572,38,0.005710004198704155
2021-08-05,3791.056354758885,3800,-8.045547426815077,38,102.21902358246402
2021-08-05,3791.056354758885,3900,-8.045547426815077,39,2.2190235824640183
2021-08-06,3896.5782231646726,3900,-3.0781708207791496,39,107.74089198825165
2021-08-06,3896.5782231646726,4000,-3.0781708207791496,40,7.740891988251647
2021-08-09,3999.0528986713116,4000,-0.8519958532040448,40,110.21556749489056
2021-08-09,3999.0528986713116,4100,-0.8519958532040448,41,10.215567494890564
2021-08-11,4101.561253648458,4100,1.4044765792155829,41,112.72392247203655
2021-08-11,4101.561253648458,4200,1.4044765792155829,42,12.723922472036548
2021-08-19,4204.865738484834,4200,4.3771335614087405,42,116.02840730841291
2021-08-19,4204.865738484834,4300,4.3771335614087405,43,16.02840730841291
2021-08-20,4307.168949134107,4300,6.449061730862638,43,118.33161795768537
2021-08-20,4307.168949134107,4400,6.449061730862638,44,18.331617957685367
2021-09-01,4409.52793318771,4400,8.571162683068763,44,120.69060201128828
2021-09-01,4409.52793318771,4500,8.571162683068763,45,20.690602011288277
2021-09-09,4508.286322872019,4500,7.454231676615606,45,119.44899169559689
2021-09-09,4508.286322872019,4600,7.454231676615606,46,19.448991695596888
2021-09-13,4606.819672356252,4600,6.134858427225652,46,117.98234117983064
2021-09-13,4606.819672356252,4700,6.134858427225652,47,17.98234117983064
2021-09-14,4705.321701319254,4700,4.787309782657445,47,116.48437014283266
2021-09-14,4705.321701319254,4800,4.787309782657445,48,16.48437014283266
2021-09-27,4803.345633092898,4800,3.009673236802527,48,114.50830191647705
2021-09-27,4803.345633092898,4900,3.009673236802527,49,14.508301916477052
2021-09-28,4902.123582120127,4900,1.910337474442585,49,113.28625094370571
2021-09-28,4902.123582120127,5000,1.910337474442585,50,13.28625094370571
2021-10-06,5005.177724976947,5000,4.657791173729819,50,116.34039380052553
2021-10-06,5005.177724976947,5100,4.657791173729819,51,16.340393800525533
2021-10-08,5104.041294015292,5100,3.63547768154649,51,115.20396283887104
2021-10-08,5104.041294015292,5200,3.63547768154649,52,15.203962838871036
2021-10-12,5203.012875163498,5200,2.710330001415386,52,114.17554398707787
2021-10-12,5203.012875163498,5300,2.710330001415386,53,14.175543987077873
2021-10-20,5305.357617685854,5300,4.819619520252942,53,116.5202865094337
2021-10-20,5305.357617685854,5400,4.819619520252942,54,16.520286509433703
2021-10-25,5399.847809811507,5400,-0.13690764183905912,54,111.01047863508668
2021-10-25,5399.847809811507,5500,-0.13690764183905912,55,11.010478635086685
2021-10-27,5504.386296858813,5500,3.945836228324609,55,115.54896568239165
2021-10-27,5504.386296858813,5600,3.945836228324609,56,15.548965682391653
2021-11-03,5607.305257625815,5600,6.571682474994674,56,118.46792644939387
2021-11-03,5607.305257625815,5700,6.571682474994674,57,18.46792644939387
2021-11-04,5704.501091251024,5700,4.049103263406224,57,115.66376007460336
2021-11-04,5704.501091251024,5800,4.049103263406224,58,15.66376007460336
2021-11-05,5803.418580731391,5800,3.075295661366823,58,114.58124955496947
2021-11-05,5803.418580731391,5900,3.075295661366823,59,14.581249554969475
2021-11-12,5906.822599464254,5900,6.137491602583609,59,117.98526828783336
2021-11-12,5906.822599464254,6000,6.137491602583609,60,17.985268287833364
2021-11-15,6009.291244110809,6000,8.358241313507108,60,120.45391293438782
2021-11-15,6009.291244110809,6100,8.358241313507108,61,20.453912934387816
2021-11-18,6107.559768320473,6100,6.800635861371404,61,118.72243714405221
2021-11-18,6107.559768320473,6200,6.800635861371404,62,18.722437144052208
2021-12-01,6204.251001784714,6200,3.824127137017385,62,115.41367060829363
2021-12-01,6204.251001784714,6300,3.824127137017385,63,15.413670608293629
2021-12-02,6307.187891718701,6300,6.466102149913439,63,118.35056054228096
2021-12-02,6307.187891718701,6400,6.466102149913439,64,18.35056054228096
2021-12-09,6406.161866856581,6400,5.543108061179552,64,117.3245356801605
2021-12-09,6406.161866856581,6500,5.543108061179552,65,17.324535680160494
2021-12-20,6503.333396811676,6500,2.998665691418296,65,114.49606563525599
2021-12-20,6503.333396811676,6600,2.998665691418296,66,14.496065635255988
2021-12-27,6605.466957172956,6600,4.9179794177434815,66,116.62962599653633
2021-12-27,6605.466957172956,6700,4.9179794177434815,67,16.629625996536333
2021-12-28,6708.055429019871,6700,7.246523590267699,67,119.21809784345015
2021-12-28,6708.055429019871,6800,7.246523590267699,68,19.218097843450153
2021-12-31,6810.144735185605,6800,9.126027013354744,68,121.30740400918424
2021-12-31,6810.144735185605,6900,9.126027013354744,69,21.30740400918424
2022-01-03,6907.018506363403,6900,6.313726035619439,69,118.18117518698207
2022-01-03,6907.018506363403,7000,6.313726035619439,70,18.181175186982074
2022-01-04,7003.533516456958,7000,3.178689837473115,70,114.69618528053739
2022-01-04,7003.533516456958,7100,3.178689837473115,71,14.696185280537392
2022-01-21,7101.667379063365,7100,1.4999451533614234,71,112.83004788694488
2022-01-21,7101.667379063365,7200,1.4999451533614234,72,12.830047886944882
2022-01-24,7200.421669033858,7200,0.37932611579228137,72,111.58433785743792
2022-01-24,7200.421669033858,7300,0.37932611579228137,73,11.584337857437916
2022-01-27,7308.171110902311,7300,7.350588996095638,73,119.3337797258906
2022-01-27,7308.171110902311,7400,7.350588996095638,74,19.333779725890594
2022-01-31,7411.479786753522,7400,10.327016142210539,74,122.64245557710139
2022-01-31,7411.479786753522,7500,10.327016142210539,75,22.642455577101387
2022-02-02,7508.7610703387545,7500,7.881306225797502,75,119.92373916233375
2022-02-02,7508.7610703387545,7600,7.881306225797502,76,19.923739162333746
2022-02-03,7607.342559186115,7600,6.605238308706831,76,118.5052280096943
2022-02-03,7607.342559186115,7700,6.605238308706831,77,18.505228009694306
2022-02-15,7705.968202396832,7700,5.368890887555409,77,117.1308712204109
2022-02-15,7705.968202396832,7800,5.368890887555409,78,17.130871220410896
2022-02-17,7804.966383914438,7800,4.467672436257033,78,116.12905273801711
2022-02-17,7804.966383914438,7900,4.467672436257033,79,16.12905273801711
2022-02-23,7902.370587597113,7900,2.132539297771217,79,113.5332564206925
2022-02-23,7902.370587597113,8000,2.132539297771217,80,13.533256420692496
2022-02-25,8004.9789860870715,8000,4.479009131181272,80,116.14165491065127
2022-02-25,8004.9789860870715,8100,4.479009131181272,81,16.14165491065127
2022-02-28,8103.953439312581,8100,3.556445121749661,81,115.11610813616129
2022-02-28,8103.953439312581,8200,3.556445121749661,82,15.116108136161287
2022-03-01,8200.721798834413,8200,0.649317654976798,82,111.88446765799328
2022-03-01,8200.721798834413,8300,0.649317654976798,83,11.884467657993284
2022-03-03,8304.521911180504,8300,4.067832509205502,83,115.68458000408437
2022-03-03,8304.521911180504,8400,4.067832509205502,84,15.684580004084367
2022-03-08,8401.914792892692,8400,1.7225143233421392,84,113.07746171627392
2022-03-08,8401.914792892692,8500,1.7225143233421392,85,13.077461716273916
2022-03-09,8500.342976301588,8500,0.30853550496929927,85,111.50564512517057
2022-03-09,8500.342976301588,8600,0.30853550496929927,86,11.505645125170574
2022-03-14,8602.692126474685,8600,2.4217900696163355,86,113.85479529826831
2022-03-14,8602.692126474685,8700,2.4217900696163355,87,13.854795298268314
2022-03-15,8705.304024588733,8700,4.771408103880233,87,116.46669341231616
2022-03-15,8705.304024588733,8800,4.771408103880233,88,16.46669341231616
2022-03-18,8807.783333080015,8800,7.001750823715284,88,118.94600190359718
2022-03-18,8807.783333080015,8900,7.001750823715284,89,18.94600190359718
2022-03-23,8906.07368911557,8900,5.4637849017575775,89,117.23635793915187
2022-03-23,8906.07368911557,9000,5.4637849017575775,90,17.236357939151873
2022-03-25,9009.15878985671,9000,8.23908777437606,90,120.321458680292
2022-03-25,9009.15878985671,9100,8.23908777437606,91,20.321458680291997
2022-03-28,9108.150660298235,9100,7.332191988998346,91,119.31332912181759
2022-03-28,9108.150660298235,9200,7.332191988998346,92,19.31332912181759
2022-03-29,9205.588428877796,9200,5.027253246923749,92,116.75109770137884
2022-03-29,9205.588428877796,9300,5.027253246923749,93,16.75109770137884
2022-04-01,9303.751092332412,9300,3.374417304039895,93,114.9137611559938
2022-04-01,9303.751092332412,9400,3.374417304039895,94,14.913761155993797
2022-04-07,9402.080971244672,9400,1.8720054733277607,94,113.243640068253
2022-04-07,9402.080971244672,9500,1.8720054733277607,95,13.243640068253
2022-04-12,9500.462376981126,9500,0.4159462758698709,95,111.62504580470764
2022-04-12,9500.462376981126,9600,0.4159462758698709,96,11.62504580470764
2022-04-20,9603.579057982068,9600,3.219658199958616,96,114.74172680564959
2022-04-20,9603.579057982068,9700,3.219658199958616,97,14.741726805649591
2022-04-22,9700.713858204484,9700,0.6421744026499709,97,111.876527028066
2022-04-22,9700.713858204484,9800,0.6421744026499709,98,11.876527028065993
2022-04-26,9794.282407039096,9800,-5.143447005554151,98,105.44507586267798
2022-04-26,9794.282407039096,9900,-5.143447005554151,99,5.445075862677982
2022-04-28,9896.804353428852,9900,-2.874747975165306,99,107.96702225243287
2022-04-28,9896.804353428852,10000,-2.874747975165306,100,7.967022252432869
2022-04-29,9994.669972431006,10000,-4.794799931847109,100,105.83264125458602
2022-04-29,9994.669972431006,10100,-4.794799931847109,101,5.832641254586022
2022-05-04,10097.208293639764,10100,-2.511370399594682,101,108.37096246334359
2022-05-04,10097.208293639764,10200,-2.511370399594682,102,8.370962463343588
2022-05-05,10189.493730532968,10200,-9.451256953631614,102,100.65639935654747
2022-05-05,10189.493730532968,10300,-9.451256953631614,103,0.6563993565474675
2022-05-06,10283.126560292894,10300,-15.179052361439886,103,94.28922911647342
2022-05-06,10283.126560292894,10400,-15.179052361439886,104,0.0
2022-05-09,10379.761317474635,10400,-17.316750988149295,104,96.63475718174081
2022-05-09,10379.761317474635,10500,-17.316750988149295,105,0.0
2022-05-11,10476.580893873546,10500,-19.477181248649174,105,96.81957639891114
2022-05-11,10476.580893873546,10600,-19.477181248649174,106,0.0
2022-05-12,10579.523836365703,10600,-16.59075671259268,106,102.94294249215665
2022-05-12,10579.523836365703,10700,-16.59075671259268,107,2.9429424921566465
2022-05-16,10683.061293986642,10700,-13.724541154917674,107,106.48040011309647
2022-05-16,10683.061293986642,10800,-13.724541154917674,108,6.480400113096465
2022-05-17,10785.278652592006,10800,-11.927932287008119,108,108.69775871845903
2022-05-17,10785.278652592006,10900,-11.927932287008119,109,8.697758718459028
2022-05-18,10882.427091921938,10900,-14.238401678307625,109,105.84619804839188
2022-05-18,10882.427091921938,11000,-14.238401678307625,110,5.846198048391884
2022-05-19,10980.306629337445,11000,-15.956500804970503,110,103.72573546389815
2022-05-19,10980.306629337445,11100,-15.956500804970503,111,3.725735463898147
2022-05-20,11079.2737819505,11100,-16.79336263241491,111,102.69288807695277
2022-05-20,11079.2737819505,11200,-16.79336263241491,112,2.6928880769527694
2022-05-23,11181.926625349432,11200,-14.643903377530293,112,105.34573147588367
2022-05-23,11181.926625349432,11300,-14.643903377530293,113,5.345731475883667
2022-05-27,11286.050444028635,11300,-11.302590343730188,113,109.46955015508644
2022-05-27,11286.050444028635,11400,-11.302590343730188,114,9.469550155086438
2022-05-31,11382.460068224735,11400,-14.211682717338192,114,105.87917435118662
2022-05-31,11382.460068224735,11500,-14.211682717338192,115,5.87917435118662
2022-06-02,11484.745298623244,11500,-12.360080910915045,115,108.16440474969532
2022-06-02,11484.745298623244,11600,-12.360080910915045,116,8.164404749695322
2022-06-07,11587.034618925283,11600,-10.505165271116937,116,110.45372505173394
2022-06-07,11587.034618925283,11700,-10.505165271116937,117,10.45372505173394
2022-06-08,11685.02576219331,11700,-12.132836054855716,117,108.4448683197621
2022-06-08,11685.02576219331,11800,-12.132836054855716,118,8.444868319762094
2022-06-09,11781.916127439237,11800,-14.652409281133046,118,105.33523356568918
2022-06-09,11781.916127439237,11900,-14.652409281133046,119,5.33523356568918
2022-06-10,11879.161381366466,11900,-16.88443490441705,119,102.58048749291868
2022-06-10,11879.161381366466,12000,-16.88443490441705,120,2.580487492918678
2022-06-13,11977.613352768018,12000,-18.13872092789819,120,101.03245889446922
2022-06-13,11977.613352768018,12100,-18.13872092789819,121,1.0324588944692152
2022-06-14,12076.248790163068,12100,-19.24435412179851,121,99.66789628952009
2022-06-14,12076.248790163068,12200,-19.24435412179851,122,0.0
2022-06-16,12171.451883593014,12200,-23.06895944258312,122,95.20309342994496
2022-06-16,12171.451883593014,12300,-23.06895944258312,123,0.0
2022-06-17,12273.979060489033,12300,-20.242178756307652,123,102.52717689601904
2022-06-17,12273.979060489033,12400,-20.242178756307652,124,2.527176896019043
2022-06-24,12384.270284660888,12400,-12.2364417144111,124,112.81840106787357
2022-06-24,12384.270284660888,12500,-12.2364417144111,125,12.818401067873566
2022-06-28,12481.979401764214,12500,-14.018562651461778,125,110.52751817120037
2022-06-28,12481.979401764214,12600,-14.018562651461778,126,10.52751817120037
2022-06-29,12579.692115103911,12600,-15.797886008531165,126,108.24023151089808
2022-06-29,12579.692115103911,12700,-15.797886008531165,127,8.240231510898084
2022-07-01,12683.4667649007,12700,-12.861514864174111,127,112.01488130768739
2022-07-01,12683.4667649007,12800,-12.861514864174111,128,12.01488130768739
2022-07-05,12782.197845058776,12800,-13.848631499868077,128,110.74596146576276
2022-07-05,12782.197845058776,12900,-13.848631499868077,129,10.745961465762761
2022-07-06,12884.225646607782,12900,-12.271166496347519,129,112.77376301476787
2022-07-06,12884.225646607782,13000,-12.271166496347519,130,12.773763014767866
2022-07-07,12982.783973268659,13000,-13.39267133003797,130,111.33208967564548
2022-07-07,12982.783973268659,13100,-13.39267133003797,131,11.332089675645477
2022-07-08,13080.22803804953,13100,-15.380981459014109,131,108.77615445651729
2022-07-08,13080.22803804953,13200,-15.380981459014109,132,8.77615445651729
2022-07-12,13178.828921377702,13200,-16.469380659978526,132,107.37703778468882
2022-07-12,13178.828921377702,13300,-16.469380659978526,133,7.377037784688824
2022-07-14,13277.336115220696,13300,-17.630662675407166,133,105.8842316276822
2022-07-14,13277.336115220696,13400,-17.630662675407166,134,5.8842316276821975
2022-07-19,13382.332435455475,13400,-13.74393109626753,134,110.88055186246179
2022-07-19,13382.332435455475,13500,-13.74393109626753,135,10.880551862461786
2022-07-21,13484.961722908212,13500,-11.69855888372338,135,113.50983931519923
2022-07-21,13484.961722908212,13600,-11.69855888372338,136,13.50983931519923
2022-07-22,13583.416264410505,13600,-12.90080014629838,136,111.96438081749146
2022-07-22,13583.416264410505,13700,-12.90080014629838,137,11.96438081749146
2022-07-25,13682.214191015513,13700,-13.83591567236816,137,110.76230742249948
2022-07-25,13682.214191015513,13800,-13.83591567236816,138,10.762307422499475
2022-07-27,13785.792776882254,13800,-11.052066350600327,138,114.34089328924073
2022-07-27,13785.792776882254,13900,-11.052066350600327,139,14.340893289240725
2022-08-04,13867.716417543204,13900,-25.11400661413421,139,96.26453395019207
2022-08-04,13867.716417543204,14000,-25.11400661413421,140,0.0
2022-08-05,13962.790624711608,14000,-28.12849077514558,140,95.07420716840397
2022-08-05,13962.790624711608,14100,-28.12849077514558,141,0.0
2022-08-09,14060.164651632567,14100,-29.032526592082036,141,97.37402692095989
2022-08-09,14060.164651632567,14200,-29.032526592082036,142,0.0
2022-08-10,14164.902295474218,14200,-25.09930781847723,142,104.7376438416503
2022-08-10,14164.902295474218,14300,-25.09930781847723,143,4.737643841650296
2022-08-12,14268.364456670257,14300,-22.62342369013706,143,108.19980503768873
2022-08-12,14268.364456670257,14400,-22.62342369013706,144,8.199805037688733
2022-08-16,14372.097422821038,14400,-19.953879691166776,144,111.9327711884707
2022-08-16,14372.097422821038,14500,-19.953879691166776,145,11.932771188470696
2022-08-22,14470.152225974758,14500,-21.34494201481374,145,109.98757434219088
2022-08-22,14470.152225974758,14600,-21.34494201481374,146,9.987574342190882
2022-08-26,14565.556417666305,14600,-24.63152753278891,146,105.39176603373673
2022-08-26,14565.556417666305,14700,-24.63152753278891,147,5.3917660337367295
2022-08-29,14663.979540772656,14700,-25.759194401043914,147,103.81488914008823
2022-08-29,14663.979540772656,14800,-25.759194401043914,148,3.8148891400882263
2022-08-31,14762.583630265557,14800,-26.757447363114252,148,102.41897863298897
2022-08-31,14762.583630265557,14900,-26.757447363114252,149,2.418978632988967
2022-09-07,14867.654476809372,14900,-23.131149289689873,149,107.48982517680341
2022-09-07,14867.654476809372,15000,-23.131149289689873,150,7.489825176803407
2022-09-12,14971.15036390035,15000,-20.63114687128055,150,110.98571226778033
2022-09-12,14971.15036390035,15100,-20.63114687128055,151,10.985712267780329
2022-09-13,15067.673666192624,15100,-23.117426448164892,151,107.50901456005579
2022-09-13,15067.673666192624,15200,-23.117426448164892,152,7.509014560055789
2022-09-14,15165.676270448526,15200,-24.545817600628865,152,105.5116188159582
2022-09-14,15165.676270448526,15300,-24.545817600628865,153,5.511618815958201
2022-09-16,15264.369981309677,15300,-25.47997992374674,153,104.20532967710903
2022-09-16,15264.369981309677,15400,-25.47997992374674,154,4.2053296771090345
2022-09-20,15361.916790159517,15400,-27.234322569437666,154,101.75213852694871
2022-09-20,15361.916790159517,15500,-27.234322569437666,155,1.7521385269487126
2022-09-21,15459.438041119693,15500,-29.006942346028097,155,99.27338948712348
2022-09-21,15459.438041119693,15600,-29.006942346028097,156,0.0
2022-09-22,15550.77373682441,15600,-35.02104237001174,156,91.33569570471724
2022-09-22,15550.77373682441,15700,-35.02104237001174,157,0.0
2022-09-26,15648.90503523155,15700,-34.239927798989484,157,98.13129840713883
2022-09-26,15648.90503523155,15800,-34.239927798989484,158,0.0
2022-09-27,15747.207672687791,15800,-34.9398323055393,158,98.3026374562415
2022-09-27,15747.207672687791,15900,-34.9398323055393,159,0.0
2022-09-28,15850.87151088377,15900,-32.15376712984104,159,103.66383819597816
2022-09-28,15850.87151088377,16000,-32.15376712984104,160,3.6638381959781583
2022-09-29,15947.662139241305,16000,-34.25424671472595,160,100.45446655351464
2022-09-29,15947.662139241305,16100,-34.25424671472595,161,0.45446655351463505
2022-10-03,16051.271760122636,16100,-31.891810756828946,161,104.064087434846
2022-10-03,16051.271760122636,16200,-31.891810756828946,162,4.064087434846002
2022-10-04,16153.682229002237,16200,-30.314199549510207,162,106.47455631444657
2022-10-04,16153.682229002237,16300,-30.314199549510207,163,6.474556314446573
2022-10-06,16252.455834320717,16300,-31.116854174316416,163,105.24816163292606
2022-10-06,16252.455834320717,16400,-31.116854174316416,164,5.248161632926056
2022-10-07,16349.612443877066,16400,-32.97780524016517,164,102.40477118927436
2022-10-07,16349.612443877066,16500,-32.97780524016517,165,2.4047711892743564
2022-10-14,16447.427832756875,16500,-34.40759635508539,165,100.22016006908454
2022-10-14,16447.427832756875,16600,-34.40759635508539,166,0.22016006908454244
2022-10-17,16551.115135290787,16600,-31.99431906637983,166,103.9074626029948
2022-10-17,16551.115135290787,16700,-31.99431906637983,167,3.907462602994798
2022-10-20,16649.69274664053,16700,-32.92524843651371,167,102.48507395273434
2022-10-20,16649.69274664053,16800,-32.92524843651371,168,2.4850739527343393
2022-10-27,16748.167281531947,16800,-33.92363960930042,168,100.95960884415383
2022-10-27,16748.167281531947,16900,-33.92363960930042,169,0.9596088441538342
2022-10-28,16851.998105874583,16900,-31.41642971857756,169,104.79043318679125
2022-10-28,16851.998105874583,17000,-31.41642971857756,170,4.7904331867912475
2022-11-02,16948.469893939044,17000,-33.72558489515215,170,101.26222125125254
2022-11-02,16948.469893939044,17100,-33.72558489515215,171,1.2622212512525408
2022-11-03,17055.115697207828,17100,-29.376018797369213,171,107.908024520038
2022-11-03,17055.115697207828,17200,-29.376018797369213,172,7.908024520037998
2022-11-09,17152.215430507593,17200,-31.274194413417888,172,105.00775781980433
2022-11-09,17152.215430507593,17300,-31.274194413417888,173,5.0077578198043255
2022-11-10,17260.187032119942,17300,-26.05691567136502,173,112.97935943215215
2022-11-10,17260.187032119942,17400,-26.05691567136502,174,12.979359432152151
2022-11-11,17366.3739394167,17400,-22.007689243839508,174,119.16626672890948
2022-11-11,17366.3739394167,17500,-22.007689243839508,175,19.166266728909477
2022-11-14,17464.13852183723,17500,-23.47073232904549,175,116.93084914944288
2022-11-14,17464.13852183723,17600,-23.47073232904549,176,16.930849149442878
2022-11-16,17562.698077722886,17600,-24.41347869575479,176,115.49040503509644
2022-11-16,17562.698077722886,17700,-24.41347869575479,177,15.490405035096444
2022-11-23,17665.219163164762,17700,-22.763470814975534,177,118.01149047697396
2022-11-23,17665.219163164762,17800,-22.763470814975534,178,18.01149047697396
2022-11-28,17763.544120689578,17800,-23.859757850228817,178,116.33644800178841
2022-11-28,17763.544120689578,17900,-23.859757850228817,179,16.336448001788412
2022-11-30,17865.54781668655,17900,-22.548372630682394,179,118.34014399876176
2022-11-30,17865.54781668655,18000,-22.548372630682394,180,18.34014399876176
2022-12-05,17962.4629379419,18000,-24.56737371464844,180,115.25526525411126
2022-12-05,17962.4629379419,18100,-24.56737371464844,181,15.255265254111265
2022-12-07,18059.040674832424,18100,-26.80718717235085,181,111.83300214463564
2022-12-07,18059.040674832424,18200,-26.80718717235085,182,11.833002144635643
2022-12-08,18161.707849532366,18200,-25.06156633728574,182,114.50017684457849
2022-12-08,18161.707849532366,18300,-25.06156633728574,183,14.50017684457849
2022-12-15,18257.551234204846,18300,-27.782000930199246,183,110.34356151705947
2022-12-15,18257.551234204846,18400,-27.782000930199246,184,10.34356151705947
2022-12-19,18355.53768144589,18400,-29.099837234138818,184,108.33000875810498
2022-12-19,18355.53768144589,18500,-29.099837234138818,185,8.33000875810498
2022-12-21,18457.77044176994,18500,-27.638533277766513,185,110.56276908215163
2022-12-21,18457.77044176994,18600,-27.638533277766513,186,10.562769082151632
2022-12-22,18556.630124800475,18600,-28.384851492510776,186,109.42245211268893
2022-12-22,18556.630124800475,18700,-28.384851492510776,187,9.42245211268893
2022-12-28,18655.51575529901,18700,-29.114187527290326,187,108.30808261122266
2022-12-28,18655.51575529901,18800,-29.114187527290326,188,8.308082611222659
2022-12-29,18757.571903974374,18800,-27.768472914825338,188,110.36423128658842
2022-12-29,18757.571903974374,18900,-27.768472914825338,189,10.36423128658842
2023-01-05,18859.935329003434,18900,-26.221651113865946,189,112.72765631564693
2023-01-05,18859.935329003434,19000,-26.221651113865946,190,12.727656315646925
2023-01-06,18962.62268706551,19000,-24.462820608860994,190,115.4150143777211
2023-01-06,18962.62268706551,19100,-24.462820608860994,191,15.415014377721107
2023-01-09,19065.03698857675,19100,-22.882701008804844,191,117.82931588896328
2023-01-09,19065.03698857675,19200,-22.882701008804844,192,17.82931588896328
2023-01-12,19167.880249328955,19200,-21.021834823819916,192,120.67257664116771
2023-01-12,19167.880249328955,19300,-21.021834823819916,193,20.67257664116771
2023-01-23,19271.15234031758,19300,-18.880306485200975,193,123.94466762979413
2023-01-23,19271.15234031758,19400,-18.880306485200975,194,23.944667629794125
2023-01-24,19367.814488741846,19400,-21.0648740184362,194,120.60681605405708
2023-01-24,19367.814488741846,19500,-21.0648740184362,195,20.606816054057077
2023-01-31,19469.9003783124,19500,-19.69969449192115,195,122.69270562460923
2023-01-31,19469.9003783124,19600,-19.69969449192115,196,22.692705624609232
2023-02-02,19574.450515675035,19600,-16.721706367334406,196,127.24284298724659
2023-02-02,19574.450515675035,19700,-16.721706367334406,197,27.24284298724659
2023-02-03,19671.29728854414,19700,-18.785440316781077,197,124.08961585635481
2023-02-03,19671.29728854414,19800,-18.785440316781077,198,24.08961585635481
2023-02-07,19768.974073349975,19800,-20.305945459306557,198,121.76640066218829
2023-02-07,19768.974073349975,19900,-20.305945459306557,199,21.76640066218829
2023-02-08,19865.987962238865,19900,-22.260304793731365,199,118.78028955107717
2023-02-08,19865.987962238865,20000,-22.260304793731365,200,18.780289551077175
2023-02-09,19964.46684556027,20000,-23.255849992469507,200,117.25917287248018
2023-02-09,19964.46684556027,20100,-23.255849992469507,201,17.25917287248018
2023-02-14,20067.919507744533,20100,-20.996140853274298,201,120.7118350567433
2023-02-14,20067.919507744533,20200,-20.996140853274298,202,20.711835056743297
2023-02-15,20171.520421146957,20200,-18.63940379339168,202,124.31274845916732
2023-02-15,20171.520421146957,20300,-18.63940379339168,203,24.312748459167324
2023-02-16,20268.824592052348,20300,-20.403778446249575,203,121.61691936455898
2023-02-16,20268.824592052348,20400,-20.403778446249575,204,21.61691936455898
2023-02-27,20366.576813693748,20400,-21.874911452821323,204,119.36914100595992
2023-02-27,20366.576813693748,20500,-21.874911452821323,205,19.369141005959918
2023-03-01,20464.00996877396,20500,-23.55486813974389,205,116.80229608617381
2023-03-01,20464.00996877396,20600,-23.55486813974389,206,16.80229608617381
2023-03-02,20566.461487251825,20600,-21.950390663035392,206,119.25381456403697
2023-03-02,20566.461487251825,20700,-21.950390663035392,207,19.253814564036972
2023-03-07,20664.37220153754,20700,-23.31779290831733,207,117.16452884975125
2023-03-07,20664.37220153754,20800,-23.31779290831733,208,17.16452884975125
2023-03-10,20760.195655850872,20800,-26.05127158498783,208,112.98798316308337
2023-03-10,20760.195655850872,20900,-26.05127158498783,209,12.98798316308337
2023-03-17,20858.17814538266,20900,-27.37169814285562,209,110.97047269486868
2023-03-17,20858.17814538266,21000,-27.37169814285562,210,10.970472694868675
2023-03-21,20960.489722694238,21000,-25.85880979810652,210,113.282050006446
2023-03-21,20960.489722694238,21100,-25.85880979810652,211,13.282050006446
2023-03-29,21062.825017928717,21100,-24.330398473035885,211,115.61734524092482
2023-03-29,21062.825017928717,21200,-24.330398473035885,212,15.61734524092482
2023-03-31,21165.0699158879,21200,-22.86115063927751,212,117.8622432001085
2023-03-31,21165.0699158879,21300,-22.86115063927751,213,17.862243200108495
2023-04-04,21263.50940055493,21300,-23.882481592488077,213,116.30172786713807
2023-04-04,21263.50940055493,21400,-23.882481592488077,214,16.30172786713807
2023-04-05,21361.537050324514,21400,-25.173351536752037,214,114.32937763672332
2023-04-05,21361.537050324514,21500,-25.173351536752037,215,14.329377636723322
2023-04-06,21460.50282693226,21500,-25.85023329544103,215,113.2951542444706
2023-04-06,21460.50282693226,21600,-25.85023329544103,216,13.295154244470595
2023-04-10,21559.38179330125,21600,-26.58393089055538,216,112.17412061346165
2023-04-10,21559.38179330125,21700,-26.58393089055538,217,12.174120613461653
2023-04-12,21656.90293088772,21700,-28.20630451175353,217,109.6952581999336
2023-04-12,21656.90293088772,21800,-28.20630451175353,218,9.695258199933605
2023-04-13,21758.91278310447,21800,-26.89089015024446,218,111.70511041668237
2023-04-13,21758.91278310447,21900,-26.89089015024446,219,11.705110416682373
2023-04-14,21855.55176320878,21900,-29.09062095794704,219,108.3440905209899
2023-04-14,21855.55176320878,22000,-29.09062095794704,220,8.344090520989894
2023-04-17,21957.91034805787,22000,-27.54696697310324,220,110.70267537008044
2023-04-17,21957.91034805787,22100,-27.54696697310324,221,10.702675370080442
2023-04-24,22059.999783714968,22100,-26.179466592780642,221,112.79211102717866
2023-04-24,22059.999783714968,22200,-26.179466592780642,222,12.792111027178663
2023-04-25,22158.9668839445,22200,-26.855482063345548,222,111.75921125671195
2023-04-25,22158.9668839445,22300,-26.855482063345548,223,11.75921125671195
2023-04-28,22261.75003044624,22300,-25.033959640918894,223,114.5423577584514
2023-04-28,22261.75003044624,22400,-25.033959640918894,224,14.542357758451402
2023-05-02,22360.208097388702,22400,-26.043128808418842,224,113.00042470091097
2023-05-02,22360.208097388702,22500,-26.043128808418842,225,13.000424700910969
2023-05-04,22473.38609586082,22500,-17.418351174664622,225,126.17842317302708
2023-05-04,22473.38609586082,22600,-17.418351174664622,226,26.178423173027085
2023-05-05,22572.27235978252,22600,-18.147272644669627,226,125.06468709472807
2023-05-05,22572.27235978252,22700,-18.147272644669627,227,25.06468709472807
2023-05-08,22670.736523605046,22700,-19.152451507045427,227,123.52885091725366
2023-05-08,22670.736523605046,22800,-19.152451507045427,228,23.528850917253664
2023-05-09,22769.575345095513,22800,-19.912423247746347,228,122.3676724077216
2023-05-09,22769.575345095513,22900,-19.912423247746347,229,22.3676724077216
2023-05-12,22868.119970731143,22900,-20.864941211161977,229,120.91229804335198
2023-05-12,22868.119970731143,23000,-20.864941211161977,230,20.91229804335198
2023-05-17,22966.678689592354,23000,-21.80823539624562,230,119.47101690456194
2023-05-17,22966.678689592354,23100,-21.80823539624562,231,19.471016904561935
2023-05-19,23065.252439366683,23100,-22.741692102326255,231,118.04476667888943
2023-05-19,23065.252439366683,23200,-22.741692102326255,232,18.04476667888943
2023-05-24,23163.585772700015,23200,-23.832497312237777,232,116.37810001222276
2023-05-24,23163.585772700015,23300,-23.832497312237777,233,16.37810001222276
2023-05-30,23260.4566983845,23300,-25.880423651576237,233,113.24902569670778
2023-05-30,23260.4566983845,23400,-25.880423651576237,234,13.249025696707776
2023-05-31,23358.822397288557,23400,-26.950046141587535,234,111.61472460076469
2023-05-31,23358.822397288557,23500,-26.950046141587535,235,11.614724600764688
2023-06-02,23465.233656084492,23500,-22.75398544356979,235,118.025983396699
2023-06-02,23465.233656084492,23600,-22.75398544356979,236,18.025983396699004
2023-06-07,23562.36811604041,23600,-24.629433049148744,236,115.16044335261378
2023-06-07,23562.36811604041,23700,-24.629433049148744,237,15.160443352613783
2023-06-13,23665.091262787762,23700,-22.847179453529307,237,117.88359009996628
2023-06-13,23665.091262787762,23800,-22.847179453529307,238,17.883590099966284
2023-06-16,23772.657536720017,23800,-17.895180838577502,238,125.4498640322196
2023-06-16,23772.657536720017,23900,-17.895180838577502,239,25.449864032219594
2023-06-20,23868.49871419734,23900,-20.61706000347739,239,121.29104150954288
2023-06-20,23868.49871419734,24000,-20.61706000347739,240,21.29104150954288
2023-06-27,23971.195142768767,24000,-18.852293003156234,240,123.98747008097146
2023-06-27,23971.195142768767,24100,-18.852293003156234,241,23.987470080971462
2023-06-28,24069.699750663047,24100,-19.831001903024685,241,122.49207797525072
2023-06-28,24069.699750663047,24200,-19.831001903024685,242,22.492077975250723
2023-06-30,24172.45350176631,24200,-18.0287182728796,242,125.2458290785164
2023-06-30,24172.45350176631,24300,-18.0287182728796,243,25.245829078516394
2023-07-05,24269.790729046847,24300,-19.771458086000578,243,122.58305635905238
2023-07-05,24269.790729046847,24400,-19.771458086000578,244,22.583056359052378
2023-07-10,24368.678833529728,24400,-20.499174939771407,244,121.47116084193273
2023-07-10,24368.678833529728,24500,-20.499174939771407,245,21.47116084193273
2023-07-20,24471.177494961103,24500,-18.863843195481422,245,123.96982227330878
2023-07-20,24471.177494961103,24600,-18.863843195481422,246,23.96982227330878
2023-07-25,24574.27692034853,24600,-16.8353215792782,246,127.06924766073696
2023-07-25,24574.27692034853,24700,-16.8353215792782,247,27.069247660736963
2023-07-27,24672.284013744917,24700,-18.139645322931912,247,125.0763410571227
2023-07-27,24672.284013744917,24800,-18.139645322931912,248,25.076341057122704
2023-08-02,24770.646929478156,24800,-19.211089351278574,248,123.43925679036413
2023-08-02,24770.646929478156,24900,-19.211089351278574,249,23.439256790364126
2023-08-03,24874.13326444662,24900,-16.929341943019367,249,126.92559175882944
2023-08-03,24874.13326444662,25000,-16.929341943019367,250,26.92559175882944
2023-08-04,24972.01713104557,25000,-18.31431554625898,250,124.80945835777983
2023-08-04,24972.01713104557,25100,-18.31431554625898,251,24.80945835777983
2023-08-07,25070.7545921317,25100,-19.140625961238655,251,123.5469194439092
2023-08-07,25070.7545921317,25200,-19.140625961238655,252,23.546919443909204
2023-08-08,25169.31826352774,25200,-20.08067879584449,252,122.11059083995055
2023-08-08,25169.31826352774,25300,-20.08067879584449,253,22.110590839950547
2023-08-09,25267.487803246953,25300,-21.278684162336972,253,120.28013055916149
2023-08-09,25267.487803246953,25400,-21.278684162336972,254,20.280130559161492
2023-08-10,25370.402357917483,25400,-19.371157310826234,254,123.19468522969008
2023-08-10,25370.402357917483,25500,-19.371157310826234,255,23.19468522969008
2023-08-15,25468.045277882302,25500,-20.913826420358106,255,120.83760519450978
2023-08-15,25468.045277882302,25600,-20.913826420358106,256,20.837605194509777
2023-08-16,25566.24380067099,25600,-22.092862856940542,256,119.03612798319651
2023-08-16,25566.24380067099,25700,-22.092862856940542,257,19.036127983196508
2023-08-21,25663.547047781612,25700,-23.857842117887103,257,116.33937509381842
2023-08-21,25663.547047781612,25800,-23.857842117887103,258,16.33937509381842
2023-08-23,25762.30270389021,25800,-24.672244197685288,258,115.09503120241571
2023-08-23,25762.30270389021,25900,-24.672244197685288,259,15.095031202415711
2023-08-29,25865.109118552296,25900,-22.8354931569408,259,117.90144586450047
2023-08-29,25865.109118552296,26000,-22.8354931569408,260,17.901445864500474
2023-09-01,25967.114689582937,26000,-21.522880759498506,260,119.90701689514115
2023-09-01,25967.114689582937,26100,-21.522880759498506,261,19.907016895141155
2023-09-05,26064.85727105026,26100,-23.00032309733608,261,117.6495983624632
2023-09-05,26064.85727105026,26200,-23.00032309733608,262,17.649598362463195
2023-09-06,26163.441737431334,26200,-23.92676596513205,262,116.23406474353975
2023-09-06,26163.441737431334,26300,-23.92676596513205,263,16.234064743539747
2023-09-07,26260.34330554016,26300,-25.954637354803197,263,113.13563285236272
2023-09-07,26260.34330554016,26400,-25.954637354803197,264,13.135632852362718
2023-09-14,26362.858415698083,26400,-24.308540196543262,264,115.65074301028824
2023-09-14,26362.858415698083,26500,-24.308540196543262,265,15.650743010288238
2023-09-15,26461.14673825419,26500,-25.428804200636506,265,113.93906556639323
2023-09-15,26461.14673825419,26600,-25.428804200636506,266,13.939065566393225
2023-09-19,26558.960205746447,26600,-26.859852831286673,266,111.75253305865328
2023-09-19,26558.960205746447,26700,-26.859852831286673,267,11.752533058653285
2023-09-20,26661.749523253864,26700,-25.034291589773034,267,114.54185056607169
2023-09-20,26661.749523253864,26800,-25.034291589773034,268,14.541850566071687
2023-09-21,26758.747213785042,26800,-26.999252475987788,268,111.53954109724951
2023-09-21,26758.747213785042,26900,-26.999252475987788,269,11.539541097249511
2023-09-22,26857.040864578692,26900,-28.116029238516248,269,109.83319189090031
2023-09-22,26857.040864578692,27000,-28.116029238516248,270,9.83319189090031
2023-09-26,26954.235051094638,27000,-29.952386818383445,270,107.02737840684702
2023-09-26,26954.235051094638,27100,-29.952386818383445,271,7.027378406847021
2023-09-29,27057.62030550793,27100,-27.736794927846645,271,110.41263282013882
2023-09-29,27057.62030550793,27200,-27.736794927846645,272,10.412632820138825
2023-10-02,27156.57570928455,27200,-28.420465529478605,272,109.36803659675594
2023-10-02,27156.57570928455,27300,-28.420465529478605,273,9.368036596755942
2023-10-03,27255.49978561423,27300,-29.124639416510405,273,108.2921129264352
2023-10-03,27255.49978561423,27400,-29.124639416510405,274,8.292112926435195
2023-10-05,27353.42714042646,27400,-30.481150717980526,274,106.21946773866586
2023-10-05,27353.42714042646,27500,-30.481150717980526,275,6.2194677386658554
2023-10-06,27450.095204131405,27500,-32.66184679982376,275,102.88753144361138
2023-10-06,27450.095204131405,27600,-32.66184679982376,276,2.8875314436113797
2023-10-12,27545.152650478685,27600,-35.89666476461666,276,97.9449777908908
2023-10-12,27545.152650478685,27700,-35.89666476461666,277,0.0
2023-10-16,27647.752422428515,27700,-33.741344448583874,277,102.59977194982896
2023-10-16,27647.752422428515,27800,-33.741344448583874,278,2.5997719498289626
2023-10-20,27745.86311369324,27800,-34.96145492584742,278,100.71046321455445
2023-10-20,27745.86311369324,27900,-34.96145492584742,279,0.7104632145544514
2023-10-23,27842.872628872217,27900,-36.89270194445542,279,97.71997839353043
2023-10-23,27842.872628872217,28000,-36.89270194445542,280,0.0
2023-10-24,27950.22900439767,28000,-31.675573291337173,280,107.35637552545538
2023-10-24,27950.22900439767,28100,-31.675573291337173,281,7.356375525455377
2023-10-25,28049.119585211247,28100,-32.38163689977344,281,106.24695633902945
2023-10-25,28049.119585211247,28200,-32.38163689977344,282,6.2469563390294525
2023-10-26,28152.507178700027,28200,-30.225683125159435,282,109.6345498278108
2023-10-26,28152.507178700027,28300,-30.225683125159435,283,9.634549827810801
2023-10-31,28254.953987210665,28300,-28.668469704559172,283,112.0813583384491
2023-10-31,28254.953987210665,28400,-28.668469704559172,284,12.081358338449107
2023-11-01,28353.707881291662,28400,-29.46152435191891,284,110.835252419446
2023-11-01,28353.707881291662,28500,-29.46152435191891,285,10.835252419445993
2023-11-02,28456.420815045607,28500,-27.734941812880038,285,113.54818617338923
2023-11-02,28456.420815045607,28600,-27.734941812880038,286,13.548186173389226
2023-11-03,28561.293869918663,28600,-24.633601264713107,286,118.4212410464441
2023-11-03,28561.293869918663,28700,-24.633601264713107,287,18.421241046444095
2023-11-06,28659.868645396993,28700,-25.540651711393153,287,116.99601652477287
2023-11-06,28659.868645396993,28800,-25.540651711393153,288,16.99601652477287
2023-11-09,28756.204553497606,28800,-27.87257636149505,288,113.33192462538685
2023-11-09,28756.204553497606,28900,-27.87257636149505,289,13.331924625386847
2023-11-14,28860.93317191866,28900,-24.863158977933722,289,118.06054304643948
2023-11-14,28860.93317191866,29000,-24.863158977933722,290,18.060543046439477
2023-11-15,28962.95515856962,29000,-23.57631338480185,290,120.0825296974014
2023-11-15,28962.95515856962,29100,-23.57631338480185,291,20.082529697401398
2023-11-21,29066.380211484764,29100,-21.39651944402638,291,123.50758261254474
2023-11-21,29066.380211484764,29200,-21.39651944402638,292,23.507582612544738
2023-11-30,29169.245327763834,29200,-19.573083935301696,292,126.37269889161449
2023-11-30,29169.245327763834,29300,-19.573083935301696,293,26.37269889161449
2023-12-04,29271.741258311853,29300,-17.984607955525007,293,128.86862943963402
2023-12-04,29271.741258311853,29400,-17.984607955525007,294,28.86862943963402
2023-12-13,29375.76455105934,29400,-15.424078419131646,294,132.89192218711946
2023-12-13,29375.76455105934,29500,-15.424078419131646,295,32.89192218711946
2023-12-18,29473.236985325668,29500,-17.032687864787675,295,130.36435645344685
2023-12-18,29473.236985325668,29600,-17.032687864787675,296,30.364356453446845
2023-12-20,29570.1739849776,29600,-18.982062010159922,296,127.30135610537862
2023-12-20,29570.1739849776,29700,-18.982062010159922,297,27.301356105378616
2023-12-22,29672.866983182266,29700,-17.26816698007144,297,129.99435431004648
2023-12-22,29672.866983182266,29800,-17.26816698007144,298,29.994354310046475
2024-01-03,29770.506843322128,29800,-18.770222187385002,298,127.63421444990661
2024-01-03,29770.506843322128,29900,-18.770222187385002,299,27.634214449906608
2024-01-05,29873.264229177097,29900,-17.015349159740367,299,130.39160030487528
2024-01-05,29873.264229177097,30000,-17.015349159740367,300,30.391600304875283
2024-01-11,29971.95738129419,30000,-17.847061593752628,300,129.08475242196886
2024-01-11,29971.95738129419,30100,-17.847061593752628,301,29.084752421968858
2024-01-16,30069.90935869532,30100,-19.15047715029779,301,127.0367298230988
2024-01-16,30069.90935869532,30200,-19.15047715029779,302,27.036729823098796
2024-01-17,30168.37727506158,30200,-20.12553555211872,302,125.50464618935692
2024-01-17,30168.37727506158,30300,-20.12553555211872,303,25.50464618935692
2024-01-22,30271.525728292403,30300,-18.12177694009121,303,128.65309942018246
2024-01-22,30271.525728292403,30400,-18.12177694009121,304,28.653099420182457
2024-01-31,30369.928567689032,30400,-19.13825204045601,304,127.05593881681068
2024-01-31,30369.928567689032,30500,-19.13825204045601,305,27.05593881681068
2024-02-01,30477.070136670096,30500,-14.59316932838297,305,134.1975077978747
2024-02-01,30477.070136670096,30600,-14.59316932838297,306,34.19750779787469
2024-02-05,30575.487911455486,30600,-15.600139153725195,306,132.61528258326436
2024-02-05,30575.487911455486,30700,-15.600139153725195,307,32.61528258326436
2024-02-06,30673.40137134945,30700,-16.92806826694145,307,130.52874247722707
2024-02-06,30673.40137134945,30800,-16.92806826694145,308,30.52874247722707
2024-02-07,30775.56731021408,30800,-15.549607691242485,308,132.69468134185587
2024-02-07,30775.56731021408,30900,-15.549607691242485,309,32.69468134185587
2024-02-12,30879.037988962584,30900,-13.34077626766998,309,136.16536009035988
2024-02-12,30879.037988962584,31000,-13.34077626766998,310,36.16536009035988
2024-02-13,30977.88134653033,31000,-14.076893994296427,310,135.0087176581061
2024-02-13,30977.88134653033,31100,-14.076893994296427,311,35.00871765810609
2024-02-14,31081.525612662055,31100,-11.757586985230077,311,138.65298378983462
2024-02-14,31081.525612662055,31200,-11.757586985230077,312,38.65298378983462
2024-02-29,31184.783677178184,31200,-9.68406886248411,312,141.91104830596365
2024-02-29,31184.783677178184,31300,-9.68406886248411,313,41.91104830596365
2024-03-11,31287.76711985235,31300,-7.785327317487486,313,144.894490980128
2024-03-11,31287.76711985235,31400,-7.785327317487486,314,44.89449098012801
2024-03-14,31385.85600200008,31400,-9.00161308523785,314,142.98337312786043
2024-03-14,31385.85600200008,31500,-9.00161308523785,315,42.98337312786043
2024-03-22,31488.252785671026,31500,-7.476236790998485,315,145.38015679880522
2024-03-22,31488.252785671026,31600,-7.476236790998485,316,45.38015679880522
2024-04-01,31590.69917648951,31600,-5.919289200693413,316,147.82654761728907
2024-04-01,31590.69917648951,31700,-5.919289200693413,317,47.826547617289066
2024-04-03,31689.07771422536,31700,-6.951230518436347,317,146.20508535313812
2024-04-03,31689.07771422536,31800,-6.951230518436347,318,46.20508535313812
2024-04-04,31787.953950365605,31800,-7.666423455025566,318,145.08132149338385
2024-04-04,31787.953950365605,31900,-7.666423455025566,319,45.081321493383854
2024-04-09,31890.030022497747,31900,-6.345156436275005,319,147.15739362552512
2024-04-09,31890.030022497747,32000,-6.345156436275005,320,47.15739362552512
2024-04-11,31988.530616321976,32000,-7.299418042645627,320,145.65798744975314
2024-04-11,31988.530616321976,32100,-7.299418042645627,321,45.657987449753136
2024-04-12,32087.2796743476,32100,-8.09555048309798,321,144.40704547537484
2024-04-12,32087.2796743476,32200,-8.09555048309798,322,44.407045475374844
2024-04-15,32185.906047973975,32200,-8.969762508518542,322,143.0334191017485
2024-04-15,32185.906047973975,32300,-8.969762508518542,323,43.03341910174851
2024-04-16,32284.59066573937,32300,-9.806906428868672,323,141.71803686714622
2024-04-16,32284.59066573937,32400,-9.806906428868672,324,41.718036867146225
2024-04-22,32387.193770647635,32400,-8.150221861705006,324,144.3211417754103
2024-04-22,32387.193770647635,32500,-8.150221861705006,325,44.3211417754103
2024-04-26,32493.872664121576,32500,-3.8995980359491966,325,151.0000352493519
2024-04-26,32493.872664121576,32600,-3.8995980359491966,326,51.000035249351896
2024-05-01,32591.695013691777,32600,-5.285512160375262,326,148.8223848195525
2024-05-01,32591.695013691777,32700,-5.285512160375262,327,48.8223848195525
2024-05-08,32694.05295159453,32700,-3.784858336773979,327,151.18032272230585
2024-05-08,32694.05295159453,32800,-3.784858336773979,328,51.180322722305846
2024-05-10,32793.00845309689,32800,-4.44960470791365,328,150.1358242246667
2024-05-10,32793.00845309689,32900,-4.44960470791365,329,50.13582422466669
2024-05-28,32890.550384849346,32900,-6.013984121824166,329,147.67775597712478
2024-05-28,32890.550384849346,33000,-6.013984121824166,330,47.677755977124775
2024-05-29,32989.18661372572,33000,-6.881924006416057,330,146.31398485349598
2024-05-29,32989.18661372572,33100,-6.881924006416057,331,46.31398485349598
2024-05-30,33092.37266722737,33100,-4.8542355910972645,331,149.50003835514912
2024-05-30,33092.37266722737,33200,-4.8542355910972645,332,49.500038355149115
2024-06-11,33191.207505561186,33200,-5.595775182715315,332,148.33487668896794
2024-06-11,33191.207505561186,33300,-5.595775182715315,333,48.33487668896794
2024-06-12,33290.14649760363,33300,-6.271028609247082,333,147.27386873140824
2024-06-12,33290.14649760363,33400,-6.271028609247082,334,47.27386873140824
2024-06-13,33388.776226528265,33400,-7.143105234426855,334,145.90359765604333
2024-06-13,33388.776226528265,33500,-7.143105234426855,335,45.90359765604333
2024-06-18,33482.79616008308,33500,-10.948977121839263,335,139.9235312108606
2024-06-18,33482.79616008308,33600,-10.948977121839263,336,39.9235312108606
2024-06-20,33579.856873221535,33600,-12.819616743982408,336,136.98424434931226
2024-06-20,33579.856873221535,33700,-12.819616743982408,337,36.98424434931226
2024-07-01,33678.40064287237,33700,-13.746400116422336,337,135.52801400014795
2024-07-01,33678.40064287237,33800,-13.746400116422336,338,35.52801400014795
2024-07-09,33777.24195269605,33800,-14.483821081341333,338,134.36932382382554
2024-07-09,33777.24195269605,33900,-14.483821081341333,339,34.36932382382554
2024-07-11,33880.0282252071,33900,-12.710563824477347,339,137.15559633486868
2024-07-11,33880.0282252071,34000,-12.710563824477347,340,37.155596334868676
2024-07-16,33982.67285330627,34000,-11.027452804295692,340,139.80022443404224
2024-07-16,33982.67285330627,34100,-11.027452804295692,341,39.800224434042235
2024-07-19,34080.96592899065,34100,-12.113784423903667,341,138.09330011842226
2024-07-19,34080.96592899065,34200,-12.113784423903667,342,38.09330011842226
2024-07-23,34183.70183986876,34200,-10.37257863749258,342,140.82921099653498
2024-07-23,34183.70183986876,34300,-10.37257863749258,343,40.82921099653498
2024-07-24,34282.66532256689,34300,-11.032245565301565,343,139.79269369466925
2024-07-24,34282.66532256689,34400,-11.032245565301565,344,39.79269369466925
2024-07-31,34385.51740120047,34400,-9.217107557767008,344,142.64477232824964
2024-07-31,34385.51740120047,34500,-9.217107557767008,345,42.644772328249644
2024-08-05,34483.71574053934,34500,-10.363731884387917,345,140.8431116671185
2024-08-05,34483.71574053934,34600,-10.363731884387917,346,40.84311166711851
2024-08-12,34582.71063524259,34600,-11.003407384290426,346,139.83800637037314
2024-08-12,34582.71063524259,34700,-11.003407384290426,347,39.83800637037314
2024-08-16,34684.91853209996,34700,-9.598243636226798,347,142.04590322774624
2024-08-16,34684.91853209996,34800,-9.598243636226798,348,42.04590322774624
2024-08-29,34783.29443875401,34800,-10.631859443766018,348,140.4218098817986
2024-08-29,34783.29443875401,34900,-10.631859443766018,349,40.421809881798595
2024-08-30,34885.570444524164,34900,-9.183349388630916,349,142.69781565195407
2024-08-30,34885.570444524164,35000,-9.183349388630916,350,42.69781565195407
2024-09-11,34987.67042885264,35000,-7.846864017939353,350,144.79779998042923
2024-09-11,34987.67042885264,35100,-7.846864017939353,351,44.79779998042923
2024-09-16,35090.51002977359,35100,-6.039667155565681,351,147.6374009013809
2024-09-16,35090.51002977359,35200,-6.039667155565681,352,47.637400901380886
2024-09-20,35189.48017902732,35200,-6.695091311698917,352,146.60755015511222
2024-09-20,35189.48017902732,35300,-6.695091311698917,353,46.60755015511222
2024-09-30,35291.89308809081,35300,-5.159452392667262,353,149.02045921860187
2024-09-30,35291.89308809081,35400,-5.159452392667262,354,49.02045921860187
2024-10-02,35389.80208529299,35400,-6.490221680546497,354,146.9294564207812
2024-10-02,35389.80208529299,35500,-6.490221680546497,355,46.92945642078121
2024-10-03,35488.08754175261,35500,-7.581402375593953,355,145.2149128803992
2024-10-03,35488.08754175261,35600,-7.581402375593953,356,45.2149128803992
2024-10-07,35585.94523111757,35600,-8.94482532327362,356,143.07260224535713
2024-10-07,35585.94523111757,35700,-8.94482532327362,357,43.07260224535713
2024-10-14,35688.19699030444,35700,-7.511746432751494,357,145.32436143222185
2024-10-14,35688.19699030444,35800,-7.511746432751494,358,45.32436143222185
2024-10-16,35791.102633369126,35800,-5.662518609595423,358,148.23000449691062
2024-10-16,35791.102633369126,35900,-5.662518609595423,359,48.230004496910624
2024-10-21,35889.467917958216,35900,-6.7028945792147,359,146.5952890860026
2024-10-21,35889.467917958216,36000,-6.7028945792147,360,46.595289086002595
2024-10-22,35988.38014034831,36000,-7.3951849180037215,360,145.50751147609174
2024-10-22,35988.38014034831,36100,-7.3951849180037215,361,45.507511476091736
2024-10-24,36087.08183578133,36100,-8.221460160603783,361,144.2092069091145
2024-10-24,36087.08183578133,36200,-8.221460160603783,362,44.2092069091145
2024-10-29,36185.023649461305,36200,-9.531344177151652,362,142.15102058908974
2024-10-29,36185.023649461305,36300,-9.531344177151652,363,42.15102058908974
2024-10-31,36278.640334561635,36300,-13.593854008412492,363,135.76770568942155
2024-10-31,36278.640334561635,36400,-13.593854008412492,364,35.76770568942155
2024-11-12,36380.96944848569,36400,-12.111544524499365,364,138.09681961347218
2024-11-12,36380.96944848569,36500,-12.111544524499365,365,38.09681961347218
2024-11-13,36484.02074322427,36500,-10.16962013750208,365,141.14811435205044
2024-11-13,36484.02074322427,36600,-10.16962013750208,366,41.14811435205044
2024-11-15,36581.5239442486,36600,-11.758648807523926,366,138.65131537637825
2024-11-15,36581.5239442486,36700,-11.758648807523926,367,38.65131537637825
2024-11-19,36679.86603223284,36700,-12.81378770780502,367,136.99340336061988
2024-11-19,36679.86603223284,36800,-12.81378770780502,368,36.99340336061988
2024-11-22,36783.120914556326,36800,-10.742294816322698,368,140.2482856841051
2024-11-22,36783.120914556326,36900,-10.742294816322698,369,40.2482856841051
2024-12-04,36881.82767174999,36900,-11.56534862105103,369,138.95504287776822
2024-12-04,36881.82767174999,37000,-11.56534862105103,370,38.95504287776822
2024-12-05,36976.079227596696,37000,-15.223809977612973,370,133.20659872447635
2024-12-05,36976.079227596696,37100,-15.223809977612973,371,33.20659872447635
2024-12-18,37072.7082458417,37100,-17.369191607051732,371,129.8356169694807
2024-12-18,37072.7082458417,37200,-17.369191607051732,372,29.835616969480697
2024-12-30,37171.59333845094,37200,-18.078748053363242,372,128.72070957872364
